<core:FragmentDefinition xmlns:core="sap.ui.core" displayBlock="true" xmlns:m="sap.m" class="sapUiSizeCompact" xmlns="sap.ui.table" xmlns:u="sap.ui.unified">
    <m:FlexBox id="idFlexBox" justifyContent="Center" alignContent="Center">
        <m:CheckBox id="idChkBox" text="{i18n>testRun}" select="handleSelect" class="sapUiSmallMarginEnd" />
        <u:FileUploader
            id="idFileUploader"
            change="onUploadChange"
            name="myFileUpload"
            tooltip="{i18n>fileUploaderTooltip}"
            placeholder="{i18n>fileUploaderPlaceHolder}"
            uploadComplete="handleUploadComplete"
            uploadStart="onBeforeUploadStarts"
            useMultipart="false"
            sendXHR="true"
            fileType="xlsx"
        />
    </m:FlexBox>
    <Table id="exportTable" rows="{EXCEL_RESULTS_MODEL>/}" selectionMode="None">
        <extension>
            <m:OverflowToolbar id="idOTB1">
                <m:Title id="idTblTitle" text="{i18n>tblTitle}" />
                <m:ToolbarSpacer id="idTS" />
                <m:Button id="idExportBut" icon="sap-icon://excel-attachment" tooltip="Export Data" press="onExport" />
            </m:OverflowToolbar>
        </extension>
        <columns>
            <Column id="idColTgtFld" sortProperty="TARGET_FIELD" filterProperty="TARGET_FIELD" defaultFilterOperator="EQ" width="11rem" hAlign="Center">
                <m:Label id="idLabelTgtFld" text="{i18n>targetField}" />
                <template>                    
                    <m:Text id="idTgtFld" text="{EXCEL_RESULTS_MODEL>TARGET_FIELD}" wrapping="false" />
                </template>
            </Column>
            <Column id="idColMatNo" sortProperty="MATERIAL" filterProperty="MATERIAL" defaultFilterOperator="EQ" width="11rem" hAlign="Center">
                <m:Label id="idLabelMatNo" text="{i18n>materialNo}" />
                <template>                    
                    <m:Link id="idMaterialNo" text="{EXCEL_RESULTS_MODEL>MATERIAL}" emphasized="true" press="handleClick" />
                </template>
            </Column>
            <Column id="idColMatDesc" width="11rem" hAlign="Center" sortProperty="MAT_DESCR" filterProperty="MAT_DESCR">
                <m:Label id="idLabelMatDesc" text="{i18n>matDesc}" />
                <template>
                    <m:Text id="idTextMatDesc" text="{EXCEL_RESULTS_MODEL>MAT_DESCR}" wrapping="false" />
                </template>
            </Column>
            <Column id="idColPlantNo" width="11rem" hAlign="Center" sortProperty="PLANT" filterProperty="PLANT">
                <m:Label id="idLabelPlantNo" text="{i18n>plantNo}" />
                <template>
                    <m:Text id="idTextPlantNo" text="{EXCEL_RESULTS_MODEL>PLANT}" wrapping="false" />
                </template>
            </Column>
            <Column id="idColPlantDesc" width="11rem" hAlign="Center" sortProperty="PLANT_DESCR" filterProperty="PLANT_DESCR">
                <m:Label id="idLabelPlantDesc" text="{i18n>plantDesc}" />
                <template>
                    <m:Text id="idTextPlantDesc" text="{EXCEL_RESULTS_MODEL>PLANT_DESCR}" wrapping="false" />
                </template>
            </Column>
            <Column id="idColOldPrice" width="6rem" hAlign="Center" sortProperty="OLD_PRICE" filterProperty="OLD_PRICE">
                <m:Label id="idLabelOldPrice" text="{i18n>oldPrice}" />
                <template>
                    <m:Text id="idTextOldPrice" text="{EXCEL_RESULTS_MODEL>OLD_PRICE}" wrapping="false" />
                </template>
            </Column>
            <Column id="idColOldPriceCurrency" width="6rem" hAlign="Center" sortProperty="OLD_CURRENCY" filterProperty="OLD_CURRENCY">
                <m:Label id="idLabelOldPriceCurrency" text="{i18n>oldPriceCurreny}" />
                <template>
                    <m:Text id="idTextOldPriceCurrency" text="{EXCEL_RESULTS_MODEL>OLD_CURRENCY}" 
                        wrapping="true" tooltip="{EXCEL_RESULTS_MODEL>OLD_CURRENCY}" />
                </template>
            </Column>
            <Column id="idColNewPrice1" width="6rem" hAlign="Center" sortProperty="NEW_PRICE_BASE" filterProperty="NEW_PRICE_BASE">
                <m:Label id="idLabelNewPrice1" text="{i18n>newPriceBase}" />
                <template>
                    <m:Text id="idTextNewPrice1" text="{EXCEL_RESULTS_MODEL>NEW_PRICE_BASE}" wrapping="false" />
                </template>
            </Column>
            <Column id="idColNewPriceCurrencyBase" width="6rem" hAlign="Center" sortProperty="NEW_CURR_BASE" filterProperty="NEW_CURR_BASE">
                <m:Label id="idLabelNewPriceCurrencyBase" text="{i18n>newPriceCurrencyBase}" />
                <template>
                    <m:Text id="idTextNewPriceCurrencyBase" text="{EXCEL_RESULTS_MODEL>NEW_CURR_BASE}" 
                        wrapping="true" tooltip="{EXCEL_RESULTS_MODEL>NEW_CURR_BASE}" />
                </template>
            </Column>
            <Column id="idColNewPrice2" width="6rem" hAlign="Center" sortProperty="NEW_PRICE_UT" filterProperty="NEW_PRICE_UT">
                <m:Label id="idLabelNewPrice2" text="{i18n>newPriceInput}" />
                <template>
                    <m:Text id="idTextNewPrice2" text="{EXCEL_RESULTS_MODEL>NEW_PRICE_UT}" wrapping="false" />
                </template>
            </Column>
            <Column id="idColNewPriceCurrencyInput" width="6rem" hAlign="Center" sortProperty="NEW_CURR_UT" filterProperty="NEW_CURR_UT">
                <m:Label id="idLabelNewPriceCurrencyInput" text="{i18n>newPriceCurrencyInput}" />
                <template>
                    <m:Text id="idTextNewPriceCurrencyInput" text="{EXCEL_RESULTS_MODEL>NEW_CURR_UT}" 
                        wrapping="true" tooltip="{EXCEL_RESULTS_MODEL>NEW_CURR_UT}" />
                </template>
            </Column>
            <Column id="idColPriceDate" width="11rem" hAlign="Center" sortProperty="PRICE_DATE" filterProperty="PRICE_DATE">
                <m:Label id="idLabelPriceDate" text="{i18n>priceDate}" />
                <template>
                    <m:Text id="idTextPriceDate" text="{EXCEL_RESULTS_MODEL>PRICE_DATE}" wrapping="false" />
                </template>
            </Column>
            <Column id="idColPriceUnit" width="11rem" hAlign="Center" sortProperty="PRICE_UNIT" filterProperty="PRICE_UNIT">
                <m:Label id="idLabelPriceUnit" text="{i18n>priceUnit}" />
                <template>
                    <m:Text id="idTextPriceUnit" text="{EXCEL_RESULTS_MODEL>PRICE_UNIT}" wrapping="false" />
                </template>
            </Column>
            <Column id="idColBaseUOM" width="11rem" hAlign="Center" sortProperty="UOM" filterProperty="UOM">
                <m:Label id="idLabelBaseUOM" text="{i18n>baseUOM}" />
                <template>
                    <m:Text id="idTextBaseUOM" text="{EXCEL_RESULTS_MODEL>UOM}" wrapping="false" />
                </template>
            </Column>
            <Column id="idColInputUOM" width="11rem" hAlign="Center" sortProperty="INPUT_UOM" filterProperty="INPUT_UOM">
                <m:Label id="idLabelInputUOM" text="{i18n>inputUOM}" />
                <template>
                    <m:Text id="idTextInputUOM" text="{EXCEL_RESULTS_MODEL>INPUT_UOM}" wrapping="false" />
                </template>
            </Column>
            <Column id="idColStatus" sortProperty="STATUS" filterProperty="STATUS" width="11rem" hAlign="Center">
                <m:Label id="idLabelStatus" text="{i18n>status}" />
                <template>
                    <m:Text id="idTextStatus" text="{EXCEL_RESULTS_MODEL>STATUS}" wrapping="false" />
                </template>
            </Column>
            <Column id="idColMsg" width="14rem" hAlign="Center" sortProperty="MESSAGE" filterProperty="MESSAGE">
                <m:Label id="idLabelMessage" text="{i18n>message}" />
                <template>
                    <m:Text id="idTextMessage" text="{EXCEL_RESULTS_MODEL>MESSAGE}" 
                        wrapping="true" tooltip="{EXCEL_RESULTS_MODEL>MESSAGE}" />
                </template>
            </Column>
            
        </columns>
    </Table>
</core:FragmentDefinition>
